Barcode,Cluster
AAACGCTGTAATGCGG-1,1
AAAGAACTCATCGCAA-1,2
AAAGGATCACCTCTGT-1,1
AAAGGGCAGACGGTTG-1,2
AAAGTCCAGTAAATGC-1,1
AACACACAGATGGTAT-1,1
AACCAACAGATAGGGA-1,3
AACCAACAGCCAAGCA-1,2
AACCAACAGTTTCGGT-1,2
AACCAACTCCTGCTAC-1,2
AACGAAACACACAGCC-1,1
AACGGGACACGTCTCT-1,2
AACGGGATCCTGATAG-1,2
AACGTCAGTAGGCAAC-1,2
AACTTCTAGCGAATGC-1,5
AAGACAAGTGTCCAAT-1,2
AAGATAGAGCTGACAG-1,1
AAGATAGAGTTGGAGC-1,1
AAGCGAGGTTTACTTC-1,1
AAGGTAACATCATGAC-1,2
AAGTCGTCAATCCAGT-1,3
AAGTGAAAGCCTCATA-1,1
AAGTGAATCGAGTACT-1,2
AATCGTGCATCTCCCA-1,2
AATGGAAGTATTCTCT-1,2
AATGGAAGTGGTCTGC-1,3
AATGGAATCCAACTGA-1,1
ACAGAAACACGTGTGC-1,1
ACAGAAATCATTGCCC-1,2
ACAGCCGGTTCAACGT-1,1
ACATCCCTCGCCAACG-1,1
ACATCGAGTGTATTCG-1,1
ACATTTCCAGCCGTTG-1,2
ACCACAAAGGGCCCTT-1,1
ACCATTTGTAGCACAG-1,2
ACCATTTGTGCGAGTA-1,1
ACCTGAAGTGCCAAGA-1,1
ACCTGTCCAGTAGAAT-1,2
ACGATCATCATCGGGC-1,1
ACGATGTCAACGATTC-1,2
ACGGGTCTCTGGGAGA-1,1
ACGGTCGTCGAGTGGA-1,1
ACTATGGCACTTTATC-1,2
ACTGATGTCGTGCGAC-1,3
ACTGTCCAGCCGATAG-1,4
ACTTAGGAGGTTCATC-1,1
ACTTTCAAGTTTCTTC-1,2
AGAACAACAATACCTG-1,1
AGAACAAGTGTTGAGG-1,1
AGAAGTAAGTCGAGGT-1,1
AGAAGTACATTGACCA-1,1
AGACAAAGTTATGTCG-1,1
AGACACTAGGGCTTCC-1,1
AGACACTCAGTGGGTA-1,2
AGACAGGGTTTACACG-1,1
AGACAGGTCATCGCTC-1,1
AGACCATTCAAAGGTA-1,4
AGAGAATAGGGTCTTT-1,2
AGAGAATGTCGTTTCC-1,2
AGAGAATTCTTGCAGA-1,4
AGAGCCCCACCGGTCA-1,1
AGATAGACAGAACTTC-1,1
AGATGCTAGATTACCC-1,1
AGCCAGCGTAGGCAGT-1,1
AGGACGATCAAACCCA-1,2
AGGACTTAGGTTCCGC-1,2
AGGATAACATGCCGCA-1,1
AGGATAAGTTCCACAA-1,2
AGGCATTCAAAGGCAC-1,3
AGGGCCTCATGGCTGC-1,1
AGGGCCTTCGGTGCAC-1,1
AGGTCTACAAGAGGTC-1,3
AGGTGTTAGCACGGAT-1,4
AGGTGTTAGGGAGTGG-1,2
AGGTTACGTCATCGGC-1,2
AGTACTGAGTAAGACT-1,2
AGTCACATCACTGGTA-1,1
AGTCATGGTGAGTTGG-1,3
AGTGACTGTAGATCGG-1,1
AGTGATCTCGGAGTAG-1,4
AGTGCCGCATTCTTCA-1,3
AGTGCCGTCGTAACCA-1,1
AGTGTTGAGGCCACCT-1,3
AGTTAGCAGAGTACCG-1,2
AGTTAGCAGGCCTTGC-1,1
AGTTCCCAGGAACGCT-1,2
ATACCTTGTGTCCAAT-1,1
ATACTTCTCGAAGAAT-1,1
ATATCCTTCACTGTTT-1,2
ATCATTCGTGGCAACA-1,2
ATCCATTGTATCGTTG-1,1
ATCCGTCCAGTCACGC-1,1
ATCCTATGTAAGTTAG-1,2
ATCGATGTCCAACTGA-1,1
ATCGGATCATAACTCG-1,2
ATCGTAGTCATCCTAT-1,1
ATCGTGATCCACCTGT-1,1
ATCTTCAGTAGATCCT-1,4
ATGAAAGTCGGAAACG-1,1
ATGAGGGAGCGTATAA-1,1
ATGAGTCAGCGCACAA-1,2
ATGAGTCCACCCTTGT-1,1
ATGATCGAGAGGTCAC-1,1
ATGATCGCAGCAGTAG-1,1
ATGCATGAGTCATAGA-1,1
ATGCGATCAACATCGT-1,1
ATGGATCAGAAACTCA-1,1
ATGGGAGAGAAATTCG-1,4
ATGGGTTTCAGTCTTT-1,2
ATGGTTGAGAACAAGG-1,1
ATGGTTGGTCTCACAA-1,1
ATTATCCTCGGAAACG-1,2
ATTCACTCATGAATCC-1,2
ATTCTACTCGATGGAG-1,2
ATTCTTGTCATTACGG-1,1
ATTTCACAGAGTGAAG-1,2
ATTTCTGTCATCTACT-1,1
CAACAACTCTGTACAG-1,2
CAACAGTGTTTCCATT-1,3
CAACCAAAGGTAATCA-1,2
CAACCTCAGTCCTGCG-1,4
CAACGATCAAGTGGGT-1,2
CAACGATGTCTACGAT-1,2
CAACGGCCAGCTATAC-1,1
CAAGAGGAGATAGGGA-1,1
CAAGAGGCATGACTTG-1,1
CAAGCTACAGAGGTTG-1,1
CAATACGTCCGTGTAA-1,2
CAATACGTCTGGGCAC-1,1
CAATCGAAGGTTATAG-1,1
CAATCGAGTAATACCC-1,3
CAATTTCCATACCACA-1,3
CAATTTCTCATATGGC-1,2
CACAACAAGGTGCAGT-1,1
CACAACAGTCATAGTC-1,2
CACACAAGTCTGTAAC-1,1
CACAGATGTGTTAAAG-1,2
CACAGATGTTCCGCTT-1,2
CACAGGCCAAAGTGTA-1,1
CACAGGCCAGAGGGTT-1,1
CACAGGCGTCCCTAAA-1,1
CACAGGCTCACTCTTA-1,2
CACATGATCCACAGGC-1,2
CACGAATAGCACACAG-1,2
CACGGGTGTTGTGTAC-1,1
CACGGGTTCAGGCGAA-1,1
CACGTGGGTTACTCAG-1,2
CACTAAGGTCCAGTTA-1,2
CACTGTCGTCCTGGGT-1,1
CACTTCGAGCGGTATG-1,2
CACTTCGTCAAGCCTA-1,2
CAGCACGGTCGAGTTT-1,2
CAGCCAGGTACAGCGA-1,1
CAGCCAGGTTTAGACC-1,4
CAGGCCATCACAACCA-1,2
CAGGGCTAGCTTCATG-1,1
CAGGTATCAGCGGATA-1,4
CAGGTATCATTAGGCT-1,2
CAGTTAGAGACATCCT-1,2
CAGTTAGTCGTTCATT-1,2
CATAAGCGTATTGGCT-1,1
CATACCCCAGTTTCGA-1,1
CATACCCCATCCTGTC-1,1
CATACTTAGCTCTTCC-1,2
CATCAAGTCACGATCA-1,1
CATCGCTGTTCGGCGT-1,1
CATCGCTTCCGTTTCG-1,2
CATGAGTAGCCATATC-1,1
CATGCCTCAAGCAGGT-1,2
CATGCCTCACACCGAC-1,1
CATGGTAAGCCTGGAA-1,1
CATTCCGCAGAGCGTA-1,2
CATTCCGGTCTGCATA-1,1
CATTCTACACCAGCGT-1,4
CCAAGCGTCGATACAC-1,1
CCACAAATCTATCACT-1,1
CCACACTTCACACCCT-1,1
CCATCACGTCACTCTC-1,1
CCCTCAAAGTCTCGTA-1,2
CCCTGATCACACCTAA-1,1
CCCTTAGAGCGAGTCA-1,1
CCGAACGCAAATGCGG-1,1
CCGAACGTCTCTTCAA-1,1
CCGATCTGTCTACATG-1,1
CCGATCTGTGCACGCT-1,1
CCGATGGGTCTGTGAT-1,2
CCGCAAGAGTAGCTCT-1,1
CCGGACACAAGCGATG-1,2
CCGGACACATAAGCGG-1,2
CCGGGTAGTTCGTGCG-1,2
CCGGTAGCACTCCACT-1,1
CCGGTGACACGGCCAT-1,1
CCGTGAGCACTCCCTA-1,2
CCGTTCATCTTCCAGC-1,1
CCTCAACGTGTAGCAG-1,2
CCTCACAGTATTGGCT-1,4
CCTCACAGTGGCTGAA-1,2
CCTCATGGTGGCAACA-1,2
CCTCCAAAGCCACCGT-1,2
CCTCCAATCAAGTGTC-1,2
CCTCCTCAGAGGGCGA-1,1
CCTCCTCCAGTTCCAA-1,1
CCTGCATCAATACGAA-1,1
CCTTGTGAGGTAGCAC-1,1
CCTTTGGGTCCTGGTG-1,1
CGAATTGTCAGTGTTG-1,2
CGAGTGCGTCGAGCTC-1,2
CGATCGGTCGAGATGG-1,1
CGATGCGAGTATTAGG-1,1
CGATGCGGTGAGTTGG-1,2
CGATGCGTCGCTACGG-1,1
CGCAGGTCACGGGCTT-1,1
CGCCATTAGTCTTCGA-1,2
CGCCATTGTTCCCAAA-1,2
CGCGTGAGTTTGTGGT-1,3
CGGAACCAGGCCATAG-1,1
CGGAACCTCTGCGATA-1,1
CGGACACGTAGCTGAG-1,1
CGGGACTAGATAACGT-1,1
CGGGCATTCTAGTGTG-1,2
CGGGTGTCATCTAGAC-1,1
CGTAAGTCATTAGGCT-1,1
CGTAAGTGTCTGATAC-1,2
CGTAAGTGTGGATTTC-1,4
CGTAATGGTCCCTCAT-1,1
CGTCCATGTAACGGTG-1,1
CGTCCATGTGCTCGTG-1,2
CGTCCATGTGGGAGAG-1,2
CGTGAATTCAGAGTTC-1,1
CGTGTCTAGGTCTGGA-1,4
CGTGTCTGTTGTTGCA-1,1
CTAACCCAGCAGGCTA-1,1
CTACATTAGCAGAAAG-1,1
CTACCCATCGTCCATC-1,2
CTACTATAGTCGCTAT-1,1
CTACTATTCGAGTGAG-1,2
CTAGGTAAGATTCGCT-1,1
CTCAAGATCGTTATCT-1,4
CTCAGAAAGCGATGCA-1,1
CTCAGGGAGTGGCGAT-1,2
CTCAGTCGTGAGAGGG-1,1
CTCATCGAGGTGAGCT-1,1
CTCATCGCAAGAATAC-1,2
CTCCAACAGAGCGACT-1,1
CTCCACACACTGGAAG-1,4
CTCCATGGTATCGATC-1,4
CTCCATGTCCACGGGT-1,2
CTCCCAAAGCTGTTAC-1,3
CTCCCAATCTAAGAAG-1,1
CTCCGATGTTCCGCTT-1,2
CTCTCAGAGATGAACT-1,4
CTCTCGAGTACCCACG-1,2
CTCTGGTCAGGTGTTT-1,1
CTCTGGTCAGTATACC-1,2
CTGAATGTCAAAGGTA-1,1
CTGAGCGAGCATCTTG-1,2
CTGAGGCGTATGGAGC-1,1
CTGCATCAGGTGCTAG-1,1
CTGCCATCATACAGCT-1,1
CTGCCTAGTCAATCTG-1,2
CTGCGAGTCTATTCGT-1,3
CTGGCAGTCGTGGCGT-1,1
CTGGTCTGTCAGCTTA-1,1
CTGTACCTCAAAGGAT-1,1
CTGTATTAGCTAATGA-1,1
CTGTATTAGTAGTCTC-1,2
CTGTCGTAGCTGTACT-1,1
CTGTGGGCAGACTGCC-1,2
CTTACCGTCATTGTTC-1,1
CTTAGGATCCAAACCA-1,2
CTTCAATGTGGACAGT-1,2
CTTCGGTAGAAGGGAT-1,2
CTTCGGTTCTCAGAAC-1,4
CTTCTCTCAGAGATGC-1,1
CTTGAGACAGGAGGTT-1,1
CTTTCGGGTAATCAGA-1,2
GAAACCTTCTACTGAG-1,1
GAACTGTCATTGTACG-1,1
GAACTGTGTATCCCTC-1,2
GAAGTAAGTCAAGCGA-1,1
GAATCGTAGTCACACT-1,2
GAATCGTCAGGATCTT-1,4
GAATCGTTCTTTCAGT-1,1
GACAGCCAGTGCAAAT-1,1
GACCCTTGTTAAGAAC-1,1
GACCGTGCATGGCCCA-1,2
GACTATGTCCTCGATC-1,2
GACTCAAAGCATGCAG-1,1
GACTCTCTCGACGAGA-1,4
GACTTCCTCGCAATGT-1,2
GAGACCCCACCAGGTC-1,4
GAGACCCCAGCGTAGA-1,1
GAGCTGCCAGACCAGA-1,2
GAGGCCTCACACGGTC-1,2
GAGGCCTTCCTCACCA-1,2
GAGGGATAGTCACTGT-1,2
GAGGGATTCTAGCCAA-1,2
GAGTCTACAAGTCCCG-1,1
GAGTGAGAGTAAGACT-1,2
GAGTTGTCAAATACGA-1,2
GAGTTTGCAGCGCGTT-1,4
GATAGAAAGGTGCTTT-1,1
GATAGAAGTGCCGAAA-1,1
GATCACACATCTGTTT-1,2
GATCATGGTGAATTGA-1,2
GATCCCTCAGCAGTAG-1,1
GATCGTAAGAACGTGC-1,1
GATCGTACAACTACGT-1,2
GATGGAGGTCCAAATC-1,1
GATGTTGAGTTGCGCC-1,3
GCAACATTCCATGAGT-1,1
GCAACATTCTCTTGCG-1,1
GCAACCGTCGTAACTG-1,2
GCACGGTAGATTGTGA-1,2
GCACGGTAGTCATAGA-1,1
GCACGGTCAATAAGGT-1,1
GCAGCTGCACAATCTG-1,1
GCCAACGTCCTTCAGC-1,2
GCCAGCAGTTGCATCA-1,1
GCCAGTGGTTAAGCAA-1,2
GCCCAGAGTTCCAAAC-1,1
GCCGATGGTCTACATG-1,1
GCCGATGTCCATAGAC-1,2
GCCTGTTGTGAGCCAA-1,1
GCGTGCAAGGGTCACA-1,2
GCGTGCACAAACACCT-1,2
GCGTGCATCGAAGCCC-1,1
GCGTTTCTCCGTGGGT-1,2
GCTACAAAGGAACGCT-1,1
GCTACCTAGTCAATCC-1,1
GCTACCTTCCCGTTCA-1,2
GCTGAATGTTACGGAG-1,1
GGAATGGTCAAGCTGT-1,1
GGACGTCTCCGTGGTG-1,2
GGAGCAATCTAAGAAG-1,2
GGAGGATCAGGAGGTT-1,1
GGAGGATCATGGACAG-1,1
GGAGGATTCTCACCCA-1,1
GGATCTACAAGCCCAC-1,1
GGCAGTCTCGAGAACG-1,1
GGCGTCACAAGGGTCA-1,3
GGGACAATCTTTACAC-1,1
GGGACCTCACATTCTT-1,2
GGGATGAAGCTACTAC-1,2
GGGCCATAGCCTTTCC-1,2
GGGCCATTCACCCATC-1,1
GGGTCACGTAGCTGTT-1,1
GGGTGTCCAGTATACC-1,4
GGTCACGTCAGGCGAA-1,2
GGTGTTAAGCACTCGC-1,1
GGTTCTCCAAAGACGC-1,3
GTAACACCAAGCGAGT-1,1
GTAACCATCCCATTTA-1,1
GTAACCATCTCGTGAA-1,1
GTAAGTCAGCTGTCCG-1,4
GTAAGTCGTAGGACCA-1,1
GTAATCGCACTCTCGT-1,1
GTACAGTTCACAAGAA-1,2
GTAGAAATCCGACAGC-1,4
GTAGATCGTACAGTTC-1,1
GTAGATCGTAGTATAG-1,1
GTAGGAGTCTCGCTTG-1,4
GTAGGTTAGACGATAT-1,1
GTAGGTTCATGGCCCA-1,2
GTAGGTTGTAGATCGG-1,3
GTAGGTTTCTACGCGG-1,1
GTATTGGTCTAGCCTC-1,2
GTCAAACTCCCATAGA-1,2
GTCAGCGCACCAAATC-1,4
GTCAGCGGTCGTTATG-1,2
GTCATCCCACACAGCC-1,1
GTCCTCAGTACTGGGA-1,2
GTCGCGATCGGCATAT-1,2
GTCTAGATCGCACTCT-1,1
GTCTCACAGACGCCCT-1,1
GTCTCACGTCGAGTGA-1,2
GTGACGCTCTAGCCTC-1,1
GTGAGGACAGGCACTC-1,1
GTGAGGATCCACCCTA-1,1
GTGATGTCATGGGAAC-1,2
GTGCACGAGAGCCTGA-1,1
GTGGAGACAGCGTTTA-1,2
GTGTAACGTGGACTGA-1,2
GTGTTAGGTCTGATAC-1,2
GTGTTCCGTCCTTTGC-1,1
GTTAGTGGTAATGATG-1,2
GTTATGGCAATGACCT-1,2
GTTATGGTCTCGTCAC-1,2
GTTATGGTCTCTCGCA-1,1
GTTCATTGTTACGATC-1,2
GTTCCGTAGGAAGTAG-1,1
GTTCTATAGCATATGA-1,2
GTTCTATGTCACCACG-1,2
GTTGCGGTCGAGAGAC-1,2
GTTGCTCAGTGCCCGT-1,2
GTTGTCCTCCATCAGA-1,1
GTTTGGAAGCTAGTTC-1,2
TAAGCACAGTTTCAGC-1,2
TAAGCCAGTCTAGGTT-1,1
TAAGCCATCAGATGCT-1,1
TAAGCGTTCTGCGATA-1,3
TAAGTCGTCTTAGTTC-1,1
TACCCGTTCTATTTCG-1,2
TACCGAAAGCGACTGA-1,1
TACCGAATCGCTACGG-1,2
TACGTCCCAAGAGTTA-1,1
TACTTCATCATCACCC-1,1
TACTTCATCCATTGGA-1,1
TACTTCATCCCTTCCC-1,2
TAGACCAGTTCAAGGG-1,2
TAGATCGGTGTCACAT-1,2
TAGCACACAGCGACAA-1,2
TAGGAGGGTGACGTCC-1,1
TAGGTACTCCCTTCCC-1,1
TAGTGCACAAAGGCTG-1,2
TAGTGCACACAAAGTA-1,1
TATATCCAGAAGCGAA-1,1
TATCAGGTCGACCTAA-1,1
TATCCTAAGAATTGCA-1,1
TATTCCATCGTTCTGC-1,1
TCAAGCAGTACTGAGG-1,4
TCAAGCATCTATTCGT-1,1
TCAAGTGGTGTTCATG-1,1
TCAATCTTCGTTCAGA-1,1
TCAATTCCACACCAGC-1,2
TCAATTCCAGATAAAC-1,2
TCAATTCTCCTTCGAC-1,1
TCACATTCAACAGAGC-1,3
TCACGCTCACGCGGTT-1,2
TCACGCTCATACCACA-1,1
TCACGGGAGTCTAACC-1,1
TCACTCGGTTGGACCC-1,1
TCACTCGTCTACGGTA-1,2
TCACTCGTCTCAACCC-1,2
TCAGCCTGTGTCGCTG-1,1
TCAGCCTTCTCTCAAT-1,4
TCAGGTAAGCCTGAGA-1,2
TCAGGTATCAACACCA-1,1
TCAGTCCCACAAATCC-1,2
TCAGTCCCAGCAGTCC-1,1
TCAGTTTTCTGCCTGT-1,2
TCATCATTCTAGTGTG-1,1
TCATCCGCACCCAACG-1,1
TCATGAGTCGACGAGA-1,1
TCATGTTGTGTGAATA-1,3
TCATTACTCCTCACCA-1,1
TCATTGTCACGTGTGC-1,2
TCATTGTGTCCTACGG-1,1
TCCAGAAGTTGTGTAC-1,1
TCCCACACAACGCCCA-1,2
TCCCATGGTCTTGCGG-1,1
TCCGTGTGTGGATCGA-1,1
TCCTCCCTCGGTCATA-1,1
TCCTCTTAGTATGCAA-1,2
TCCTCTTCATTGAAGA-1,2
TCCTCTTTCGCGTCGA-1,1
TCCTGCACATTAAAGG-1,1
TCCTTCTCATCAGCAT-1,2
TCCTTTCCATAGAAAC-1,1
TCCTTTCTCGGTCTAA-1,1
TCGAACATCGTGAGAG-1,4
TCGACCTCATCTAACG-1,1
TCGATTTAGCATTGAA-1,1
TCGCAGGAGTTCCTGA-1,2
TCGGGCAGTGCCCTTT-1,1
TCGGGTGCACGCAGTC-1,1
TCGTCCATCAGGGATG-1,1
TCTAACTTCCAGTACA-1,2
TCTAACTTCCTACGAA-1,1
TCTATCACAATGTCTG-1,2
TCTCAGCGTCACAGAG-1,4
TCTCTGGTCACAGAGG-1,4
TCTGTCGAGTTGTAAG-1,2
TCTTCCTGTAACGGTG-1,2
TCTTCCTGTTACGGAG-1,1
TCTTTGAGTATCTCTT-1,1
TGAACGTCACAGCTGC-1,4
TGAATGCAGTCACGCC-1,4
TGACAGTCACTTGTCC-1,1
TGACAGTGTACTTGTG-1,1
TGACCCTTCCAGTGCG-1,1
TGAGACTGTAACGCGA-1,4
TGAGACTGTCTAGGCC-1,1
TGAGACTGTGTCACAT-1,4
TGAGGAGAGGTTCTTG-1,2
TGAGGGAAGAGCTGCA-1,1
TGAGTCAAGCACGGAT-1,1
TGAGTCATCTACTATC-1,1
TGATCAGTCGTGCACG-1,1
TGATCAGTCTATACTC-1,1
TGATCTTGTATCGCAT-1,3
TGATGCAGTATTGCCA-1,2
TGATGCATCAGCTTGA-1,1
TGCAGATCAAACCGGA-1,1
TGCAGATTCGTGAGAG-1,4
TGCATCCAGGCTTTCA-1,2
TGCATGACAGAGGCTA-1,4
TGCCGAGGTTTGCAGT-1,1
TGCGATAGTCCAGCGT-1,2
TGCGGCAAGCTGTTCA-1,2
TGCGGCACAATTTCGG-1,2
TGCGGGTGTCTTGGTA-1,2
TGCTGAATCCCTTGGT-1,2
TGGAACTTCGACCCAG-1,1
TGGCGTGGTGGAAGTC-1,2
TGGCGTGGTTATAGCC-1,2
TGGCGTGTCAAGAAAC-1,2
TGGGAAGTCTCACCCA-1,1
TGGGATTCAATGTCAC-1,2
TGGGATTGTTGACGGA-1,2
TGGGCGTAGGTCGTCC-1,2
TGGTACATCCATCGTC-1,2
TGGTTAGCACTAGTAC-1,1
TGTAAGCCAGTGCCTG-1,2
TGTCAGAAGGGTTAAT-1,1
TGTGGCGTCCTCACTG-1,1
TGTTCCGTCATACGGT-1,2
TGTTCTAAGGGCAAGG-1,2
TGTTCTAGTATCGAAA-1,1
TGTTGGAGTTCGTTCC-1,2
TTACCATCAACCACAT-1,4
TTACCGCTCTCGTGAA-1,1
TTACGTTTCCCTCGAT-1,2
TTAGGCACAACTCGTA-1,1
TTAGGCATCTCCGATC-1,2
TTATTGCTCGTGGCGT-1,1
TTCACCGAGTAACAGT-1,1
TTCATGTCATTAGGAA-1,1
TTCATTGAGTAAGGGA-1,1
TTCATTGGTTCTCGTC-1,1
TTCCAATAGCGCTTCG-1,2
TTCCGGTTCCTGTACC-1,4
TTCCGTGGTCGCTCGA-1,2
TTCCTCTTCTAGGAAA-1,1
TTCTAACAGCGAACTG-1,2
TTCTTCCGTACTTCCC-1,2
TTCTTCCGTTCCACGG-1,2
TTCTTCCGTTGTAAAG-1,1
TTCTTGATCGAACCAT-1,1
TTGATGGAGCGCCGTT-1,3
TTGGGATGTAAGACCG-1,2
TTGGGATTCTGGCCAG-1,2
TTGTGGATCTACTGCC-1,1
TTGTGTTCAGAGGGTT-1,4
TTGTTTGTCGCGTGAC-1,3
TTTACTGCATTGAAAG-1,1
TTTAGTCCAGCACAGA-1,1
TTTCCTCTCGCTCCTA-1,2
TTTGACTTCGTCAGAT-1,1
TTTGATCCAATGGGTG-1,1
TTTGATCCACCAGACC-1,3
TTTGTTGAGAACTCCT-1,1
TTTGTTGCAAGAGGTC-1,1
AAACGAACAAGAGAGA-2,2
AAAGGATCAGCACAGA-2,2
AAAGGTAAGTATAGGT-2,2
AAAGTCCCATGACTGT-2,3
AAAGTCCGTCGTTATG-2,3
AAATGGAGTGAATTGA-2,3
AACAAAGGTGTTATCG-2,2
AACAAGACACGAAAGC-2,2
AACAGGGCAGGTGTGA-2,3
AACAGGGGTATGTCAC-2,1
AACCAACAGTGGAATT-2,3
AACCAACGTCGTTGCG-2,1
AACCAACTCGTCCTCA-2,3
AACCACAGTCCCGCAA-2,3
AACCACATCGGAATTC-2,2
AACCATGTCTTCGCTG-2,3
AACCTTTGTATGCAAA-2,1
AACGAAATCCGGTAAT-2,3
AACTTCTCAAAGAGTT-2,3
AAGAACAGTTGCCTAA-2,2
AAGATAGCACCCAAGC-2,1
AAGGTAAGTTGTGGAG-2,1
AATAGAGCAAGACGGT-2,1
AATCACGCAGCGGTCT-2,2
AATCGACGTTCGGCGT-2,1
AATCGTGTCGCAACAT-2,1
AATGAAGAGCAGGTCA-2,3
AATTCCTCATGACGTT-2,4
ACAAAGAAGGGCAATC-2,3
ACAAAGACAGGTGACA-2,4
ACAAAGAGTGTTTACG-2,2
ACAACCACAGCAGTCC-2,1
ACAAGCTTCTTTCGAT-2,4
ACACCAATCGTGTGAT-2,2
ACAGAAACAAACTCTG-2,4
ACAGAAATCGGCTCTT-2,2
ACAGGGACAAGGGTCA-2,1
ACAGGGAGTTGTTGTG-2,2
ACATCCCCAACCTATG-2,1
ACATCGACATATGGCT-2,1
ACATCGATCAGCGCAC-2,2
ACATCGATCATCTATC-2,1
ACATTTCAGCATCCCG-2,3
ACCAACATCAAGTTGC-2,1
ACCACAACATTACTCT-2,1
ACCACAAGTCAGACGA-2,3
ACCATTTAGCATTGAA-2,1
ACCCAAAAGCTCTGTA-2,2
ACCCTCAAGATCGGTG-2,2
ACCCTTGGTAAGGAGA-2,1
ACCTACCCAAGCCTGC-2,2
ACCTGTCAGAAGGATG-2,3
ACGATCACATAGTCGT-2,1
ACGATCACATCGATCA-2,1
ACGATCAGTCCTTGTC-2,3
ACGATGTCACTACACA-2,5
ACGATGTGTTGCTCAA-2,2
ACGCACGGTCTTCAAG-2,2
ACGGGTCGTCTTGGTA-2,1
ACGGTCGGTTTACGAC-2,3
ACGGTTATCCGTTGAA-2,3
ACGTAACAGGTAGCCA-2,3
ACGTAGTAGATCCGAG-2,1
ACGTAGTGTCGAATGG-2,4
ACGTCCTCAAAGACGC-2,3
ACGTCCTTCATTACTC-2,2
ACTACGAAGACGTCCC-2,1
ACTACGAAGTTGCATC-2,2
ACTACGACACAGAGAC-2,2
ACTATCTTCAACTTTC-2,3
ACTATGGAGGAGAGTA-2,1
ACTCCCACAGGCTACC-2,3
ACTGCAAGTAACGTTC-2,4
ACTGTCCAGCCGTCGT-2,2
ACTGTGAAGGAGAGGC-2,2
ACTTAGGGTAAGATAC-2,1
ACTTAGGTCGTACACA-2,3
ACTTAGGTCTCCCATG-2,3
ACTTTCACATTGTGCA-2,2
ACTTTGTAGGGCAGTT-2,4
AGAAGCGCACACACGC-2,2
AGAAGTACAACTGATC-2,1
AGAAGTAGTGATTCAC-2,2
AGAGAATGTGAACTAA-2,1
AGAGAATTCCGCTGTT-2,3
AGAGAGCTCACTTTGT-2,3
AGATCCAAGAGTCGAC-2,5
AGATGAAAGACCAGCA-2,2
AGATGAAAGTGAGGCT-2,1
AGATGAAGTGCAGATG-2,1
AGATGCTTCAGTCAGT-2,2
AGCCAATTCAACTGAC-2,3
AGCCACGCATCGGAAG-2,1
AGCCACGTCAGCAGAG-2,2
AGCCACGTCGGTGCAC-2,1
AGCCAGCGTGTAACGG-2,3
AGCGCCAAGTCGTTAC-2,1
AGCGCCACAAATGGCG-2,5
AGCGTATCACGCAGTC-2,3
AGCGTCGGTCCCAAAT-2,1
AGCTACATCAAATAGG-2,1
AGCTCAACAAGTGGTG-2,2
AGCTCAAGTAGAGCTG-2,2
AGCTTCCAGTGATAGT-2,2
AGGAAATCATGTGCCG-2,3
AGGACGACAAAGACTA-2,1
AGGACTTGTATGCGTT-2,3
AGGACTTTCTGGAAGG-2,2
AGGATAAAGAGACAAG-2,2
AGGATCTGTCCACGCA-2,3
AGGATCTTCACTGGTA-2,1
AGGCATTGTTTCGTAG-2,3
AGGCATTTCCGTGTCT-2,2
AGGCCACAGCTGTGCC-2,1
AGGGAGTTCTGAGCAT-2,3
AGGGCCTGTGGAAGTC-2,2
AGGGCCTTCTTCTCAA-2,2
AGGGTGACACGTACAT-2,2
AGGGTTTCAAGCTGCC-2,3
AGGGTTTCATGGCGCT-2,2
AGGTCATAGCATCCCG-2,5
AGGTGTTTCGCAATGT-2,2
AGGTGTTTCGGCATTA-2,2
AGGTTACAGACATATG-2,2
AGGTTACAGGGCAGGA-2,2
AGGTTGTTCCATACAG-2,3
AGGTTGTTCGGCTTGG-2,1
AGTAACCGTCCTATAG-2,1
AGTAGCTCAGGTTACT-2,4
AGTAGTCGTTTACCAG-2,3
AGTAGTCTCGAACCAT-2,5
AGTAGTCTCTCATGGA-2,4
AGTCACACAGTTTGGT-2,1
AGTGACTGTTGGGTAG-2,3
AGTGATCTCGTTCATT-2,2
AGTTCGAAGACCATAA-2,1
AGTTCGACACATTCGA-2,2
AGTTCGATCAAGTCTG-2,3
ATACCGAAGGAGGTTC-2,2
ATACCTTGTCAAAGAT-2,1
ATAGACCAGTGATAGT-2,1
ATAGGCTTCTCTTAAC-2,1
ATATCCTAGAAGGTAG-2,2
ATATCCTGTCCACACG-2,1
ATCACAGCATATGCGT-2,1
ATCACAGGTCGGAAAC-2,3
ATCACGACATATTCGG-2,3
ATCACGAGTTGTGCAT-2,1
ATCACGATCACCACAA-2,2
ATCACGATCGTTCATT-2,3
ATCACTTAGGTGATCG-2,2
ATCAGGTGTTCCGGTG-2,4
ATCATTCTCGTTCCTG-2,2
ATCCACCTCGATGGAG-2,1
ATCCATTGTGTCTAAC-2,3
ATCCGTCGTGTTAAAG-2,1
ATCGCCTTCGGTAAGG-2,3
ATCGGATAGTAGGGTC-2,1
ATCGGATTCTTTGCAT-2,1
ATCGGCGTCAAAGCCT-2,1
ATCGGCGTCTTCACAT-2,3
ATCTCTACAACAGCTT-2,2
ATCTCTACATGGCGCT-2,1
ATGAAAGTCGTTACCC-2,1
ATGACCAAGAAACCAT-2,2
ATGAGGGCATAGGCGA-2,3
ATGAGTCAGCTTACGT-2,1
ATGCATGGTGGTTCTA-2,2
ATGCCTCAGGGCAACT-2,4
ATGCCTCGTGTTTGCA-2,2
ATGCGATTCTCCTGCA-2,3
ATGGAGGCAATTCTCT-2,2
ATGTCCCAGCCAAGTG-2,1
ATGTCCCCATTACTCT-2,2
ATGTCTTTCTAAACGC-2,2
ATTCACTTCGACGTCG-2,3
ATTCATCGTAGCTGTT-2,3
ATTCTACTCGCATTAG-2,3
ATTGGGTTCGTCCTCA-2,1
ATTTCTGGTTGCAACT-2,3
CAAAGAACATGCAGGA-2,2
CAAAGAAGTAACTAAG-2,3
CAAAGAAGTGCTATTG-2,4
CAAAGAAGTTCTTGCC-2,2
CAACCAACAAGAGCTG-2,3
CAACCTCAGTTGAATG-2,3
CAACGATAGCCAACCC-2,2
CAACGATCACAGTGTT-2,1
CAACGGCAGTTAGTGA-2,5
CAAGAGGAGTGTAGAT-2,2
CAAGCTACACTAGGCC-2,5
CAAGGGAGTGCCGGTT-2,2
CAATACGAGAGTACCG-2,1
CAATACGAGATGCTTC-2,3
CAATACGAGTCACACT-2,2
CAATACGCATAGGTAA-2,3
CAATACGTCACAACCA-2,2
CAATGACCAAGAGATT-2,3
CACAACAGTTGGAGGT-2,1
CACACAACATACAGAA-2,2
CACACAACATCATCTT-2,2
CACAGATCATACTGTG-2,1
CACATGACACTGTCCT-2,2
CACATGACAGCCGGTT-2,2
CACCAAATCAAAGGTA-2,3
CACCGTTCATGTCGTA-2,1
CACGAATGTATCACGT-2,1
CACGTGGAGGCTCTAT-2,2
CACGTGGTCAGTGTTG-2,1
CACTAAGCATCGCTAA-2,3
CACTGAAAGAATTGTG-2,2
CACTGAACAGTCACGC-2,1
CACTGAATCCCAAGCG-2,1
CACTGGGGTACGCTAT-2,3
CACTTCGTCTTGGAAC-2,2
CAGCAATAGATAGTCA-2,3
CAGCAATAGTTGGAAT-2,1
CAGCACGAGGCACAAC-2,2
CAGCACGCATCAGCTA-2,2
CAGCAGCAGTTGCATC-2,2
CAGCCAGCATCAGCGC-2,2
CAGCGTGAGTTACGAA-2,2
CAGGGCTAGGGAACAA-2,2
CAGGTATTCATGCCAA-2,2
CATAAGCAGAACCCGA-2,1
CATAAGCAGTGCGTCC-2,3
CATACTTAGGTCGTCC-2,1
CATAGACTCTTCGTGC-2,2
CATCCCAAGATTGAGT-2,2
CATCCGTTCGTGTCAA-2,1
CATCGTCCAAAGAGTT-2,1
CATGAGTTCACCTCAC-2,1
CATGCAAAGATGATTG-2,3
CATGCAATCCCAATAG-2,1
CATGCAATCCCGAACG-2,2
CATGCGGGTATGTCAC-2,2
CATGCGGTCTATACGG-2,3
CATGCTCAGCCGTTAT-2,1
CATGGTATCACGGACC-2,1
CATGGTATCGCCGAAC-2,1
CATGGTATCTATTCGT-2,3
CATTGCCGTGAGATAT-2,3
CATTGTTAGGTCGTAG-2,2
CCAAGCGGTAGCGCCT-2,1
CCAAGCGGTCATATGC-2,2
CCAATTTCACTAAACC-2,2
CCACAAACAGGCAATG-2,3
CCACAAACAGGTTCCG-2,2
CCACACTAGACGATAT-2,1
CCACACTCAGAGAGGG-2,3
CCACCATCAAAGGCAC-2,3
CCATAAGCAGTCGAGA-2,2
CCATAAGGTTCGAAGG-2,5
CCATAAGTCTAGATCG-2,6
CCATAAGTCTTCCTAA-2,3
CCCATTGGTGAAGCGT-2,1
CCCTAACGTCGATTCA-2,1
CCCTAACTCAAGAAAC-2,2
CCCTCAAAGCAGCCTC-2,4
CCCTCAACACTTGTGA-2,2
CCCTCTCAGTGAGGTC-2,1
CCCTGATCACATATCG-2,1
CCCTTAGAGACGCCAA-2,1
CCCTTAGTCAAGGACG-2,2
CCGATCTTCGTTACCC-2,4
CCGATGGTCACGACTA-2,1
CCGGACATCACAAGGG-2,3
CCGGGTAGTCGTTTCC-2,1
CCGGTAGGTACGGTTT-2,1
CCGTTCATCCCATGGG-2,2
CCTCAGTTCACCGGGT-2,2
CCTCCTCTCTACCACC-2,1
CCTCTAGAGGAATGTT-2,1
CCTCTAGTCTTGGTGA-2,3
CCTCTCCTCGCGCTGA-2,1
CCTGCATTCGCCGAGT-2,3
CCTGTTGTCCTGTAGA-2,2
CCTTCAGAGTACTCGT-2,1
CCTTCAGCAAGTGACG-2,1
CCTTCAGTCCACTGGG-2,2
CGAAGGATCGCGAAGA-2,2
CGAATTGAGACCATTC-2,2
CGAGGCTCACATAGCT-2,3
CGAGTGCGTCGCGTTG-2,3
CGAGTGCTCTAGATCG-2,3
CGAGTTACACCCTGAG-2,2
CGAGTTACAGGGCTTC-2,1
CGATCGGAGTGGATAT-2,3
CGATCGGGTATCGAGG-2,3
CGATCGGGTCAAAGTA-2,3
CGATGCGCATGGCGCT-2,2
CGATGGCTCCAAGCTA-2,3
CGCATAAAGCCTAGGA-2,3
CGCATAAAGTCGGGAT-2,1
CGCATGGCACAATTCG-2,1
CGCCAGATCATAGGCT-2,2
CGCGTGAGTGAGTAAT-2,3
CGGAATTCACATTGTG-2,5
CGGACACCAAGCTACT-2,1
CGGAGAACACTCAGAT-2,2
CGGGACTCAATTGAAG-2,1
CGGGCATGTGCCGGTT-2,2
CGGGCATTCAGAATAG-2,2
CGTAAGTAGACCGTTT-2,2
CGTAAGTAGTCGTTAC-2,1
CGTCAAAGTTCCTAGA-2,2
CGTGCTTGTCGCACGT-2,2
CGTTAGAAGGTAAAGG-2,4
CGTTAGACACCTTCCA-2,2
CGTTAGATCGCGTAGC-2,2
CGTTGGGGTTCTTGCC-2,3
CGTTGGGTCCATCGTC-2,2
CTAACTTTCCATCCGT-2,2
CTAACTTTCTAACGCA-2,1
CTACATTCATCTCATT-2,1
CTACCTGAGTAGTCCT-2,2
CTACCTGGTCATCACA-2,1
CTACCTGTCTGACGCG-2,1
CTACGGGTCTCAAAGC-2,1
CTAGACACAGGTGTGA-2,2
CTAGACAGTACGTACT-2,1
CTAGGTACAAACTCTG-2,1
CTAGGTACACCCATAA-2,3
CTATCCGAGATCACCT-2,2
CTATCTATCACTTGTT-2,2
CTATCTATCGGCTTCT-2,3
CTCAATTTCTTACTGT-2,5
CTCACTGAGCTCCGAC-2,3
CTCACTGCAGCACAAG-2,2
CTCAGAATCGACCTAA-2,1
CTCAGGGCAAGTTGGG-2,2
CTCAGTCAGGATACGC-2,1
CTCAGTCAGTAAGACT-2,2
CTCATGCAGCTTAGTC-2,1
CTCATGCAGTGCACAG-2,1
CTCATTACATGCCGCA-2,5
CTCCATGCAAGCCCAC-2,4
CTCCATGTCGTTCTCG-2,2
CTCCCTCCAACGGTAG-2,5
CTCCCTCTCCAGCACG-2,1
CTCCGATCAATTTCTC-2,5
CTCCGATCAGGTCCGT-2,2
CTCTCGAAGAGAACCC-2,2
CTCTGGTAGGCGCTTC-2,1
CTCTGGTCACGCTTAA-2,1
CTCTGGTGTTCGTTCC-2,3
CTGATCCAGATGGTAT-2,3
CTGCATCAGACCATAA-2,3
CTGCATCAGTGAGTGC-2,2
CTGCATCGTCTGTGAT-2,2
CTGCCATGTAATACCC-2,2
CTGCCTAGTATCGAGG-2,2
CTGCCTAGTCATACCA-2,2
CTGCGAGAGAGCAAGA-2,4
CTGCGAGTCAACACCA-2,5
CTGGCAGAGACGCCCT-2,5
CTGGTCTCACCATTCC-2,3
CTGTAGAGTTAGGGTG-2,2
CTGTGAATCAGGTGTT-2,1
CTGTGGGAGGTCACAG-2,3
CTTACCGGTCTAACTG-2,3
CTTAGGAGTATGAAGT-2,3
CTTCCTTAGACGTCCC-2,2
CTTCGGTAGCTCCCTT-2,3
CTTCGGTGTCGACTTA-2,2
CTTTCGGCACTTTATC-2,2
CTTTCGGCATACTTTC-2,2
GAAATGAAGCATGATA-2,2
GAAGAATAGAACGTGC-2,1
GAAGCCCCAAGGCTTT-2,3
GAAGCCCGTACGCGTC-2,1
GAAGCCCGTGAGGAAA-2,1
GAATAGAAGCCTGGAA-2,4
GAATAGAGTCACAGTT-2,3
GACAGCCGTCATGACT-2,3
GACATCAGTCAGACGA-2,2
GACCCAGGTTGACTGT-2,2
GACCCTTCATTACTCT-2,1
GACCCTTGTATAATGG-2,2
GACCTTCAGTAGACAT-2,1
GACGCTGGTAGCTGAG-2,1
GACGCTGGTTCCGCAG-2,2
GACTATGGTCGTGGAA-2,1
GACTCTCAGCCGGAAT-2,1
GAGAAATCATTCAGGT-2,4
GAGAAATGTCATAACC-2,3
GAGAAATGTGATACTC-2,3
GAGAGGTGTTCAAGTC-2,2
GAGATGGAGTCTACCA-2,3
GAGATGGTCGTTCTAT-2,3
GAGCCTGGTTGTCTAG-2,2
GAGCCTGTCATTCGGA-2,1
GAGCTGCGTAACAAGT-2,2
GAGTCATAGCGCCTAC-2,2
GAGTCTAAGCTCTTCC-2,1
GAGTCTAGTTCACCGG-2,3
GAGTGTTGTACCTTCC-2,1
GAGTTGTTCAAGGTGG-2,2
GAGTTTGTCGAGCACC-2,4
GATAGAATCTCTCTAA-2,3
GATCACACACTCACTC-2,2
GATCATGCAAACTCTG-2,3
GATCGTAGTAGCGCTC-2,1
GATGAGGTCGTTCTCG-2,3
GATGAGGTCTCGAACA-2,2
GATTCTTGTATTGACC-2,3
GCAACATCAAGGTACG-2,1
GCAACATCACAGAGAC-2,2
GCACATATCTCATTAC-2,2
GCACGTGAGTCGGGAT-2,2
GCAGCCACACATATCG-2,3
GCAGTTACACAACGTT-2,2
GCATCTCGTGCTCTCT-2,2
GCATGATTCTTTCCGG-2,2
GCCAACGGTAAGGCCA-2,5
GCCAGTGTCAAGGAGC-2,1
GCCATTCCACTATCGA-2,2
GCCGATGTCGCCACTT-2,3
GCCGTGACAGGAGGTT-2,1
GCGATCGAGATGGTAT-2,5
GCGATCGGTCTTTCTA-2,3
GCGGATCCATGGGCAA-2,2
GCGTGCATCTGCCTGT-2,3
GCTCAAAAGCTTAGTC-2,2
GCTCAAACAGGTACGA-2,3
GCTCAAATCCGCCTAT-2,2
GCTGCAGCACTGCTTC-2,4
GCTGCAGCATATCTCT-2,3
GCTGGGTAGAGCAACC-2,5
GCTGGGTGTACACGTT-2,5
GCTGGGTGTCTCGACG-2,1
GCTGGGTGTTCCGGTG-2,5
GGAATCTAGTGATAAC-2,3
GGACGTCCACGAGGAT-2,1
GGAGAACGTCCCTGTT-2,3
GGAGCAATCCACCTCA-2,1
GGATGTTAGGCGAACT-2,2
GGCAGTCAGTGCCCGT-2,2
GGCGTCAGTTCTCTCG-2,3
GGCTGTGAGCTAAGTA-2,1
GGCTGTGCAAGGACAC-2,4
GGCTGTGGTGACAACG-2,1
GGCTTGGGTTTGGAAA-2,3
GGCTTGGTCGTCAACA-2,3
GGGACAACATGAATAG-2,5
GGGACCTCATCTAACG-2,1
GGGACCTTCAGTGGGA-2,1
GGGACTCCAAGATGGC-2,2
GGGACTCTCTTCGTAT-2,2
GGGAGTAAGGTGCGAT-2,3
GGGAGTACAGGTCAGA-2,1
GGGATCCCAATCGCAT-2,1
GGGCGTTGTCAGACGA-2,3
GGGCTACTCAGCTGAT-2,2
GGGCTCAGTTAGGACG-2,1
GGGTAGATCAAGTGGG-2,4
GGGTATTTCATGAGTC-2,1
GGGTGAACACTCCGGA-2,1
GGGTTATTCGGAGATG-2,2
GGGTTTAAGCCTGAAG-2,5
GGTAACTTCGGTCTAA-2,2
GGTAACTTCTTGCAAG-2,3
GGTAATCAGCCGCTTG-2,2
GGTAATCGTGCCCAGT-2,2
GGTCACGTCAAGCTGT-2,4
GGTCTGGGTATTTCCT-2,4
GGTCTGGTCTCCTACG-2,1
GGTGAAGAGGGCTGAT-2,2
GGTGAAGCACGGCTAC-2,2
GGTGAAGGTTTAGAGA-2,3
GGTGATTCACGTGAGA-2,1
GGTGGCTTCACTGGGC-2,2
GGTGTTATCAAAGGAT-2,1
GTAACACGTGATTCAC-2,3
GTAACACGTTGGGAAC-2,3
GTAAGTCTCAGCTGAT-2,2
GTACAACAGTCTAACC-2,1
GTACAGTCATAGTCGT-2,5
GTACAGTGTAACAAGT-2,1
GTAGAGGAGTTGGAAT-2,5
GTAGGAGTCACTAGCA-2,3
GTAGGTTCAACGACAG-2,3
GTAGTACAGTCGCTAT-2,3
GTATTTCAGGGTCTTT-2,2
GTATTTCCACGTACTA-2,1
GTATTTCCATCTCGTC-2,3
GTCACGGAGCGTCTCG-2,4
GTCACGGCAGCTGAAG-2,1
GTCACTCGTCTGTGAT-2,1
GTCAGCGGTGTAGGAC-2,2
GTCAGCGGTTAAAGTG-2,4
GTCATGACATCCGAAT-2,2
GTCATGAGTGGTCTAT-2,2
GTCCCATAGATGAACT-2,1
GTCCCATTCCAACCGG-2,3
GTCGCGAGTTGCGAAG-2,3
GTCGTTCAGCGCCTTG-2,1
GTCGTTCCAAGAATGT-2,2
GTCTACCAGACGGTCA-2,2
GTCTACCTCCCAGTGG-2,3
GTCTAGAGTCACTGAT-2,2
GTCTCACAGTTAGAAC-2,1
GTCTGTCGTACCCAGC-2,2
GTCTGTCGTATAGGAT-2,2
GTCTTTAGTTCGTAAC-2,2
GTCTTTATCGTCAACA-2,2
GTGACGCGTCAGTCTA-2,2
GTGAGGAGTTCAGGTT-2,5
GTGAGTTAGGAGCAAA-2,3
GTGATGTCAAATGGAT-2,2
GTGATGTCACAACGCC-2,1
GTGCACGTCCGATGTA-2,1
GTGCAGCGTTGATCGT-2,3
GTGCAGCTCGCTTACC-2,1
GTGCAGCTCGTACACA-2,1
GTGCGTGAGAACGTGC-2,2
GTGGAAGGTCTACACA-2,5
GTGGAGAAGTTCTCTT-2,2
GTGGAGATCTGCATAG-2,1
GTGTGGCGTCATATGC-2,1
GTGTTAGGTCACTCAA-2,2
GTGTTCCAGGTAGTAT-2,3
GTTACAGAGTGGTTCT-2,1
GTTACAGGTGGCTGAA-2,1
GTTACCCCAGAGGTAC-2,3
GTTACGACACCCTTAC-2,2
GTTAGTGTCCTACCAC-2,2
GTTATGGAGAATTCAG-2,1
GTTATGGAGTGCTACT-2,2
GTTCATTAGAAGCTGC-2,5
GTTCATTAGGCATTTC-2,3
GTTCATTTCCTTGAAG-2,3
GTTCGCTTCCATAGGT-2,3
GTTCTATTCCTGTACC-2,1
GTTGCGGTCCCATACC-2,2
GTTGTAGTCACAGTGT-2,1
GTTGTCCGTGCTTCAA-2,2
GTTGTGAAGGTCGTCC-2,3
GTTGTGATCTTCCCGA-2,1
GTTTACTCATCGAGCC-2,3
TAACACGGTTCGTAAC-2,3
TAACCAGCAAATGGTA-2,3
TAACCAGGTCTACTGA-2,3
TAACGACCACTGAGGA-2,3
TAACGACTCTTAAGGC-2,2
TAACTTCGTTGCTCGG-2,3
TAAGCACAGGAACGTC-2,3
TAAGCACGTCTCGACG-2,2
TAAGCGTTCCATTTAC-2,2
TAAGCGTTCTCAGTCC-2,1
TAAGTCGGTCAAACGG-2,5
TAAGTCGGTTGGGAAC-2,2
TAATCTCCACAGGATG-2,5
TAATTCCAGCGCTTCG-2,2
TACAACGGTTGTTTGG-2,4
TACCCGTCAGTCGAGA-2,3
TACCGAAAGATGAACT-2,4
TACCTCGAGATGTTGA-2,1
TACCTGCCACTACCGG-2,2
TACGGGCAGGAGAATG-2,2
TACGTCCAGGATACCG-2,2
TACGTCCGTACGCTTA-2,3
TACGTCCGTCATCTAG-2,3
TACTGCCGTGAGTAGC-2,3
TACTTACGTGGATCAG-2,2
TAGACCATCGTAGTGT-2,1
TAGACTGGTCCGGACT-2,1
TAGGAGGCAAGAGATT-2,5
TAGGGTTCACTCACTC-2,5
TAGTGCAAGCTCCACG-2,1
TAGTGCAGTGCCCACA-2,1
TATATCCAGCATGAAT-2,5
TATCCTAGTTCGGCTG-2,2
TATCGCCGTCTCGGAC-2,3
TATCTGTAGCGAGTCA-2,3
TATCTGTCATAGGAGC-2,3
TATCTTGAGAAATTCG-2,2
TATCTTGAGACCTGGA-2,1
TATGTTCGTTAAGACA-2,5
TATGTTCTCCAATGCA-2,3
TATTCCAAGTAACGAT-2,1
TATTCCAGTCGGCACT-2,2
TCAAGACTCCCGAATA-2,3
TCAATCTAGTAATACG-2,1
TCAATTCTCGTTAGTG-2,3
TCACACCAGTCTTCGA-2,1
TCACATTTCGAGCCAC-2,1
TCACTATCAGCTTTGA-2,2
TCAGCCTGTCTATGAC-2,4
TCAGCCTGTTCCAGGC-2,2
TCAGGGCTCCAACCGG-2,2
TCATACTAGAGAGCGG-2,2
TCATATCCAGTGGCTC-2,1
TCATCATTCGCCATAA-2,3
TCATCCGTCCGAGAAG-2,3
TCATTGTAGGTCCCTG-2,2
TCATTGTTCACCATCC-2,1
TCCACCAGTACTGCCG-2,2
TCCATCGGTTTGACAC-2,1
TCCCATGGTTGATCGT-2,1
TCCGAAAAGCATGTTC-2,1
TCCGTGTCACTTACAG-2,3
TCCGTGTGTTAGGACG-2,3
TCCTCGACAACTGATC-2,1
TCCTCGACAATTGCAC-2,1
TCCTTTCGTCGCAACC-2,3
TCCTTTCGTGCCTAAT-2,1
TCGAACAGTTGATGTC-2,1
TCGAACAGTTTCGGCG-2,2
TCGATTTGTGGCTCTG-2,2
TCGATTTTCGAGTACT-2,3
TCGCACTCAAATACAG-2,2
TCGCAGGAGGATATAC-2,1
TCGCAGGTCGAGCCTG-2,3
TCGCAGGTCGTCAAAC-2,3
TCGCTCATCCATTGGA-2,5
TCGCTTGAGCACTCTA-2,1
TCGCTTGTCGTCTACC-2,1
TCGGGCAAGAGACAAG-2,2
TCGGGTGGTTGAGTCT-2,3
TCGGTCTGTTCTCTAT-2,2
TCGTAGAAGTAAACAC-2,2
TCGTAGAGTTCGTACA-2,2
TCGTAGATCTCGGCTT-2,3
TCGTCCAGTCAGGAGT-2,2
TCGTCCATCAAGAGTA-2,1
TCGTGCTCAGGCCTGT-2,1
TCTAACTAGCTTAGTC-2,3
TCTACCGAGTGGTTAA-2,4
TCTATACAGTTGAATG-2,2
TCTATCATCGATTTCT-2,3
TCTCAGCTCGCTTTAT-2,1
TCTCCGAAGCCAGACA-2,1
TCTGCCAGTGGGTATG-2,2
TCTGTCGGTCGTTGCG-2,2
TCTTAGTTCGGTAAGG-2,3
TCTTCCTTCAAGTCTG-2,2
TCTTGCGGTCGGTAAG-2,3
TCTTTGACATATGGCT-2,2
TGAATCGCAATGCAAA-2,3
TGAATCGCAGTCAGTT-2,3
TGAATGCGTTTGCAGT-2,2
TGACAGTAGACTGAGC-2,1
TGACCCTTCAGGAAAT-2,1
TGACTCCCACTATGTG-2,1
TGACTCCTCATTCTTG-2,2
TGAGACTCATTGAAGA-2,1
TGAGCATAGATTGTGA-2,2
TGAGCATCACAACGTT-2,1
TGAGCGCAGTAACAGT-2,4
TGAGCGCCAATAGGAT-2,2
TGAGGAGCACTTCAGA-2,3
TGATCAGCACGCGCTA-2,1
TGCATCCTCGCCGATG-2,1
TGCATGAAGAAACTCA-2,1
TGCGGCAGTGCATGTT-2,3
TGCGGGTGTCACCTTC-2,5
TGCTCGTAGCAACAAT-2,1
TGCTGAAGTGGAAATT-2,5
TGCTTCGTCCTCGATC-2,2
TGGCGTGGTTGCTCCT-2,3
TGGGAGACATGCCGGT-2,2
TGGGTTAAGTTCCGGC-2,5
TGGTAGTAGAATCGAT-2,1
TGGTAGTTCGCATAGT-2,2
TGTAACGAGGTAGGCT-2,3
TGTACAGAGCCAGACA-2,2
TGTACAGAGTCCTGCG-2,1
TGTACAGGTGAGCAGT-2,2
TGTAGACGTCGAAACG-2,3
TGTCAGAAGCCAACCC-2,3
TGTCCACTCCTGGTCT-2,2
TGTCCACTCTACCCAC-2,1
TGTCCTGCAATCCTTT-2,1
TGTCCTGTCAACGCTA-2,5
TGTCCTGTCCTCTTTC-2,1
TGTGAGTGTGGACAGT-2,3
TGTGATGGTACCTGTA-2,3
TGTGGCGAGTTCTACG-2,1
TGTGTGAAGGGATCTG-2,2
TGTTACTCAGATACTC-2,2
TGTTCATCACGGGTAA-2,5
TGTTCTATCCACGTGG-2,3
TTACAGGCAACTTCTT-2,2
TTACCGCAGCCGTCGT-2,2
TTACCGCCAAAGTGTA-2,2
TTACGTTAGTCCCGGT-2,5
TTAGGCAAGATAGGGA-2,4
TTAGGGTGTAGCTTGT-2,2
TTAGGGTTCACGGAGA-2,2
TTAGGGTTCCCAGGCA-2,2
TTATTGCGTTGAATCC-2,2
TTATTGCTCATTCTTG-2,3
TTCACCGGTACAAACA-2,2
TTCAGGACAGTACTAC-2,4
TTCATGTGTGAGCGAT-2,2
TTCATGTGTTTCGCTC-2,2
TTCATTGAGAGGTATT-2,2
TTCCAATCACATCATG-2,1
TTCCAATTCGAGAACG-2,3
TTCCACGGTAGACACG-2,1
TTCCACGTCGGATAAA-2,4
TTCCTTCGTAGGTGCA-2,3
TTCCTTCGTCTACGTA-2,2
TTCCTTCGTGTTCGTA-2,3
TTCCTTCTCCGTTGAA-2,5
TTCGATTTCAGAGTGG-2,2
TTCGCTGGTGTTACAC-2,5
TTCGGTCTCATTGAGC-2,3
TTCTAGTGTCGGCACT-2,3
TTCTTGACAGCAAGAC-2,1
TTGAACGCAATCGCAT-2,3
TTGAACGGTTCTCCCA-2,1
TTGAACGTCTCAATCT-2,1
TTGACCCGTCATAGTC-2,2
TTGACCCTCATTATCC-2,2
TTGCCTGAGTCCCAAT-2,4
TTGCGTCAGATACGAT-2,3
TTGGATGAGCGACTTT-2,1
TTGGATGAGGTAAGAG-2,1
TTGGATGCAAATGGTA-2,1
TTGGGATCACCAGTAT-2,1
TTGGGATTCGTTTACT-2,3
TTGGGCGGTACTCGCG-2,2
TTGGGCGGTCCCACGA-2,1
TTGGGCGTCTTCACGC-2,1
TTGGGTACAGTCGAGA-2,3
TTGGGTATCCATCGTC-2,2
TTGGTTTCATATACCG-2,2
TTGGTTTTCTATTTCG-2,5
TTGTTTGAGGCACCAA-2,1
TTGTTTGGTGGCTGCT-2,2
TTTACCAGTGGTTTGT-2,1
TTTACCATCTAGTACG-2,1
TTTACGTAGTTTGGCT-2,3
TTTAGTCGTCTCGACG-2,3
TTTATGCCACCTGCAG-2,4
TTTCACACAGCCATTA-2,5
TTTCACAGTAAGTTGA-2,1
TTTCACAGTAGGCAAC-2,1
TTTCATGAGACCACGA-2,3
TTTCCTCCAAGTATCC-2,1
TTTCGATCAAAGGCGT-2,3
TTTCGATGTTCGTACA-2,3
TTTGATCTCCTCTCGA-2,2
TTTGGAGCACGTCGTG-2,2
TTTGGAGCACTAGAGG-2,5
TTTGTTGCAAGGTCAG-2,1
TTTGTTGTCAAATGCC-2,2
